{
	"class_name" : "PinholeCameraParameters",
	"extrinsic" : 
	[
		-0.73308347658567752,
		-0.13571599000249379,
		0.66646064130952209,
		0.0,
		-0.65879103643045822,
		-0.1018860246852461,
		-0.74539493444262162,
		0.0,
		0.16906503682293125,
		-0.98549500659895817,
		-0.014717516522174214,
		0.0,
		1.0324319511213211,
		5.1798992697606181,
		18.885652598297341,
		1.0
	],
	"intrinsic" : 
	{
		"height" : 1015,
		"intrinsic_matrix" : 
		[
			879.01578484120523,
			0.0,
			0.0,
			0.0,
			879.01578484120523,
			0.0,
			959.5,
			507.0,
			1.0
		],
		"width" : 1920
	},
	"version_major" : 1,
	"version_minor" : 0
}