{
	"class_name" : "PinholeCameraParameters",
	"extrinsic" : 
	[
		-0.27264984455770103,
		-0.083692404778915486,
		-0.95846629760518121,
		0.0,
		0.96054900924208719,
		-0.080464426775877868,
		-0.26621622202201395,
		0.0,
		-0.054842165408618831,
		-0.99323766410962877,
		0.10232926994434259,
		0.0,
		1.0073083082719116,
		4.3993014915786848,
		8.7898978913662447,
		1.0
	],
	"intrinsic" : 
	{
		"height" : 1015,
		"intrinsic_matrix" : 
		[
			879.01578484120523,
			0.0,
			0.0,
			0.0,
			879.01578484120523,
			0.0,
			959.5,
			507.0,
			1.0
		],
		"width" : 1920
	},
	"version_major" : 1,
	"version_minor" : 0
}